German,Allemand,,src/main/java/settings/listLangues.java:35,
English,Anglais,,src/main/java/settings/listLangues.java:36,
French,Français,,src/main/java/settings/listLangues.java:37,
Italian,Italien,,src/main/java/settings/listLangues.java:38,
"Select GPS","Sélection GPS",,"src/main/java/settings/listGPS.java:61
src/main/java/settings/listGPS.java:95
src/main/java/controller/GPSViewController.java:1803",
"imported sites","sites importés",,src/main/java/database/dbImport.java:66,
"rejected sites","sites rejetés",,src/main/java/database/dbImport.java:67,
"List saved in","Liste enregistrée dans",,"src/main/java/database/dbImport.java:86
src/main/java/database/dbParawing.java:149",
"imported flights","vols importés",,src/main/java/database/dbParawing.java:129,
"rejected flights","vols rejetés",,src/main/java/database/dbParawing.java:130,
"To rename","A renommer",,src/main/java/database/dbAdd.java:162,
"Program error","Erreur programme",,src/main/java/dialogues/alertbox.java:33,
"Undefined error","Erreur indéterminée",,"src/main/java/dialogues/alertbox.java:51
src/main/java/dialogues/alertbox.java:229",
"Successful operation","Opération réussie",,"src/main/java/dialogues/alertbox.java:55
src/main/java/controller/SitesViewController.java:398",
"File not found","Fichier non trouvé",,"src/main/java/dialogues/alertbox.java:58
src/main/java/dialogues/alertbox.java:64",
"File Output Input Problem","Problème d'entrée sortie sur fichier",,src/main/java/dialogues/alertbox.java:61,
"Parsing error","Erreur de parsing",,src/main/java/dialogues/alertbox.java:67,
"NullPointerException error","Erreur NullPointerException",,src/main/java/dialogues/alertbox.java:70,
"InterruptedException error","Erreur InterruptedException",,src/main/java/dialogues/alertbox.java:73,
"Loading resource failed","Problème de chargement de la ressource",,src/main/java/dialogues/alertbox.java:76,
"Unable to create temporary file","Impossible de créer le ficher temporaire",,src/main/java/dialogues/alertbox.java:79,
"No Internet connection","Pas de connection internet",,src/main/java/dialogues/alertbox.java:82,
"Settings are not valid","Paramètres invalides",,src/main/java/dialogues/alertbox.java:85,
"Database connection failed","Connection base de données impossible",,src/main/java/dialogues/alertbox.java:88,
"Reading problem in logbook","Problème de lecture sur le carnet de vol",,src/main/java/dialogues/alertbox.java:91,
"Problem while updating the logbook","Problème pendant la mise jour du carnet de vol",,src/main/java/dialogues/alertbox.java:94,
"Unable to create AIRSP folder","Impossible de créer le dossier AIRSP",,src/main/java/dialogues/alertbox.java:97,
"Reverbin program not found","Module Reverbin introuvable",,src/main/java/dialogues/alertbox.java:100,
"Reversale not connected","Reversale non connecté",,src/main/java/dialogues/alertbox.java:103,
"FRIDX.Bin not generated","FRIDX.bin non généré",,src/main/java/dialogues/alertbox.java:106,
"FRDATA.Bin not generated","FRDATA.bin non généré",,src/main/java/dialogues/alertbox.java:109,
"Error copying FRDATA. bin and FRIDX. bin","Erreur pendant la copie de FRDATA.bin et FRIDX.bin",,src/main/java/dialogues/alertbox.java:112,
"FRDATA.bin and FRIDX.bin generation successful","Génération des fichiers FRDATA.bin et FRIDX.bin réussie",,src/main/java/dialogues/alertbox.java:115,
"Unable to create airspaces selection","Impossible de créer la sélection d'espaces aériens",,src/main/java/dialogues/alertbox.java:118,
"Can't get response from web service","Pas de réponse du service web",,src/main/java/dialogues/alertbox.java:121,
"Unusable response from web service","Réponse du service web inutilisable",,src/main/java/dialogues/alertbox.java:124,
"Json response is null","La réponse JSON est vide",,src/main/java/dialogues/alertbox.java:127,
"Reading settings failed","Problème de lecture sur le fichier des paramètres",,src/main/java/dialogues/alertbox.java:131,
"Points program not found","Module Points non trouvé",,src/main/java/dialogues/alertbox.java:134,
"Wrong JSON score","JSON Score incorrect",,src/main/java/dialogues/alertbox.java:137,
"Error during generation of simple track","Erreur pendant la génération de la trace simple",,src/main/java/dialogues/alertbox.java:141,
"Error during generation of colored track by climb","Erreur pendant la génération de la trace colorée par vario",,src/main/java/dialogues/alertbox.java:145,
"Error during generation of colored track by altitude","Erreur pendant la génération de la trace colorée par altitude",,src/main/java/dialogues/alertbox.java:149,
"Error during generation of colored track by speed","Erreur pendant la génération de la trace colorée par vitesse",,src/main/java/dialogues/alertbox.java:153,
"Error during generation of scoring track","Erreur pendant la génération de la trace du score",,src/main/java/dialogues/alertbox.java:157,
"Error during generation of thermals track","Erreur pendant la génération de la trace des thermiques",,src/main/java/dialogues/alertbox.java:161,
"Error during generation of track replay","Erreur pendant la génération de la trace du replay",,src/main/java/dialogues/alertbox.java:165,
"Unable to run Google Earth","Impossible de lancer Google Earth",,src/main/java/dialogues/alertbox.java:168,
"Decoding picture failed","Problème sur le décodage de la photo",,src/main/java/dialogues/alertbox.java:171,
"No GPS response","Pas de réponse du GPS",,src/main/java/dialogues/alertbox.java:174,
"Track file is empty","Le fichier trace est vide",,src/main/java/dialogues/alertbox.java:177,
"No tracks in the GPS","Pas de traces dans le GPS",,src/main/java/dialogues/alertbox.java:180,
"File Extension not recognized","Extension de fichier non reconnue",,src/main/java/dialogues/alertbox.java:184,
"Decoding problem in track file","Problème de décodage sur la trace",,src/main/java/dialogues/alertbox.java:187,
"Reading problem in flights file","Problème de lecture sur le fichier des vols",,src/main/java/dialogues/alertbox.java:190,
"Inserting in the flights file failed","Problème d'insertion dans le fichier des vols",,src/main/java/dialogues/alertbox.java:193,
"Flights must be on the same day","Les vols doivent être du même jour",,src/main/java/dialogues/alertbox.java:196,
"Only one flight selected","Un seul vol sélectionné",,src/main/java/dialogues/alertbox.java:199,
"GpsDump program not found","Programme GpsDump non trouvé",,src/main/java/dialogues/alertbox.java:202,
"GpsDump did not return data. Is the waypoints list empty ?","Pas données envoyées par GPSDump. Est que le GPS contient des waypoints ?",,src/main/java/dialogues/alertbox.java:205,
"Quota displaying VisuGPS exceeded","Quota affichage VisuGPS dépassé",,src/main/java/dialogues/alertbox.java:209,
"The file is too large","Le fichier est trop volumineux",,src/main/java/dialogues/alertbox.java:212,
"Error while transferring file","Erreur pendant le transfert du fichier",,src/main/java/dialogues/alertbox.java:215,
"Decoding problem in Open Air file","Erreur de décodage du fichier Open Air...",,src/main/java/dialogues/alertbox.java:218,
"Error during GeoJSON generation","Erreur de génération GeoJson",,src/main/java/dialogues/alertbox.java:221,
"Unable to generate GPX","Génération GPX impossible",,src/main/java/dialogues/alertbox.java:225,
empty,Vide,,src/main/java/dialogues/alertbox.java:225,
"Completed task","Tâche terminée",,src/main/java/dialogues/alertbox.java:232,
"Important information","Information importante",,src/main/java/dialogues/alertbox.java:244,
Yes,Oui,,"src/main/java/dialogues/dialogbox.java:38
src/main/java/controller/ConfigViewController.java:635",
No,Non,,"src/main/java/dialogues/dialogbox.java:39
src/main/java/littlewins/winPoints.java:142",
"Altitude gain","Gain d'altitude",,src/main/java/trackgps/remarkable.java:281,
"Average climb","Taux de montée moyen",,src/main/java/trackgps/remarkable.java:282,
"Maximum climb","Taux de montée maximum",,src/main/java/trackgps/remarkable.java:283,
"Peak climb","Taux de montée instantané",,src/main/java/trackgps/remarkable.java:284,
Efficiency,Efficacité,,src/main/java/trackgps/remarkable.java:285,
"Start altitude","Altitude de départ",,"src/main/java/trackgps/remarkable.java:286
src/main/java/trackgps/remarkable.java:331
src/main/java/trackgps/remarkable.java:373",
"Finish altitude","Altitude d'arrivée",,"src/main/java/trackgps/remarkable.java:287
src/main/java/trackgps/remarkable.java:332
src/main/java/trackgps/remarkable.java:374",
"Start time","Heure de départ",,"src/main/java/trackgps/remarkable.java:288
src/main/java/trackgps/remarkable.java:333
src/main/java/trackgps/remarkable.java:375",
"Finish time","Heure d'arrivée",,"src/main/java/trackgps/remarkable.java:289
src/main/java/trackgps/remarkable.java:334
src/main/java/trackgps/remarkable.java:376",
Duration,Durée,,"src/main/java/trackgps/remarkable.java:290
src/main/java/trackgps/remarkable.java:335
src/main/java/trackgps/remarkable.java:377
src/main/java/controller/CarnetViewController.java:2233
src/main/java/controller/GPSViewController.java:609
src/main/java/controller/DashController.java:708
src/main/java/controller/DashController.java:709
src/main/java/controller/DashController.java:713
src/main/java/controller/ManualViewController.java:548
src/main/java/leaflet/map_visu.java:696
src/main/java/littlewins/winCsv.java:298",
"Accumulated altitude gain","Gain d'altitude cumulé",,"src/main/java/trackgps/remarkable.java:291
src/main/java/trackgps/remarkable.java:336
src/main/java/trackgps/remarkable.java:378",
"Accumulated altitude loss","Perte d'altitude cumulée",,"src/main/java/trackgps/remarkable.java:292
src/main/java/trackgps/remarkable.java:337
src/main/java/trackgps/remarkable.java:379",
Drift,Dérive,,src/main/java/trackgps/remarkable.java:293,
"Altitude change","Changement d'altitude",,src/main/java/trackgps/remarkable.java:326,
"Average descent","Descente moyenne",,"src/main/java/trackgps/remarkable.java:327
src/main/java/trackgps/remarkable.java:370",
Distance,Distance,,"src/main/java/trackgps/remarkable.java:328
src/main/java/kml/trackScore.java:389 src/main/java/kml/trackScore.java:395",
"Average glide ratio","Finesse moyenne",,src/main/java/trackgps/remarkable.java:329,
"Average speed","Vitesse moyenne",,src/main/java/trackgps/remarkable.java:330,
"Maximum descent","Taux de chute maximum",,src/main/java/trackgps/remarkable.java:371,
"Peak descent","Taux de chute instantané",,src/main/java/trackgps/remarkable.java:372,
airspaces,espaces,,src/main/java/controller/AirspaceController.java:388,
displayed,affichés,,src/main/java/controller/AirspaceController.java:389,
Polygon,Polygone,,src/main/java/controller/AirspaceController.java:817,
Circle,Cercle,,src/main/java/controller/AirspaceController.java:862,
"Reversale uploading not supported in Linux","Transfert vers Reversale non supporté sous Linux",,src/main/java/controller/AirspaceController.java:1005,
"FRDATA. bin and FRIDX. bin generation successful","Génération des fichiers FRDATA.bin et FRIDX.bin réussie",,src/main/java/controller/AirspaceController.java:1109,
"Merge into memory successful","Fusion en mémoire OK",,src/main/java/controller/AirspaceController.java:1192,
"decoded airspaces","espaces décodés",,src/main/java/controller/AirspaceController.java:1193,
"Decoding problem","Problème de décodage",,src/main/java/controller/AirspaceController.java:1198,
OpenAir,OpenAir,,src/main/java/controller/AirspaceController.java:1311,
Draw,Dessiner,,src/main/java/controller/AirspaceController.java:1320,
Cancel,Annuler,,"src/main/java/controller/AirspaceController.java:1325
src/main/java/controller/WaypViewController.java:2044
src/main/java/controller/KmlViewController.java:358
src/main/java/controller/SiteFormController.java:1118
src/main/java/controller/CarnetViewController.java:1890
src/main/java/controller/CarnetViewController.java:1970
src/main/java/controller/ConfigViewController.java:635
src/main/java/controller/ConfigViewController.java:931
src/main/java/controller/ConfigViewController.java:941
src/main/java/controller/ConfigViewController.java:950
src/main/java/controller/ConfigViewController.java:959
src/main/java/littlewins/winAirDraw.java:152
src/main/java/littlewins/winDirChoose.java:170
src/main/java/littlewins/winPoint.java:122
src/main/java/littlewins/winMail.java:220
src/main/java/littlewins/winGlider.java:134
src/main/java/littlewins/winAirSearch.java:79
src/main/java/littlewins/winComment.java:82
src/main/java/littlewins/winFileSave.java:271
src/main/java/littlewins/winCsv.java:104
src/main/java/littlewins/winRename.java:108
src/main/java/littlewins/winSaveXcp.java:489
src/main/java/littlewins/winUsbWWayp.java:74
src/main/java/littlewins/winFileChoose.java:203
src/main/java/littlewins/winSendDb.java:154
src/main/java/systemio/webdown.java:119",
Save,Enregistrer,,"src/main/java/controller/AirspaceController.java:1326
src/main/java/controller/AirspaceController.java:1329
src/main/java/controller/XcpViewController.java:307
src/main/java/littlewins/winSaveXcp.java:485",
Update,Actualiser,,"src/main/java/controller/AirspaceController.java:1327
src/main/java/littlewins/winGPS.java:181",
Reset,Reset,,"src/main/java/controller/AirspaceController.java:1328
src/main/java/controller/CartoViewController.java:268",
File,Fichier,,src/main/java/trackgps/checkAirspace.java:72,
violation(s),violation(s),,src/main/java/trackgps/checkAirspace.java:453,
Unknown,Inconnu,,src/main/java/controller/FullMapController.java:560,
"Update Score","Mettre à jour le score",,src/main/java/controller/FullMapController.java:594,
Scoring,Scoring,,"src/main/java/controller/FullMapController.java:595
src/main/java/controller/FullMapController.java:740
src/main/java/controller/KmlViewController.java:345",
Infos,Infos,,src/main/java/controller/FullMapController.java:725,
Measure,Mesurer,,"src/main/java/controller/FullMapController.java:726
src/main/java/controller/CartoViewController.java:266",
"Measure on map","Mesurer sur la carte",,src/main/java/controller/FullMapController.java:729,
"Score evaluation","Calculer le score de la trace",,"src/main/java/trackgps/scoring.java:218
src/main/java/controller/FullMapController.java:743
src/main/java/controller/TraceViewController.java:651",
Mail,Mail,,"src/main/java/controller/FullMapController.java:749
src/main/java/controller/TraceViewController.java:574
src/main/java/controller/CarnetViewController.java:997
src/main/java/controller/CartoViewController.java:270",
Checking,Vérification,,src/main/java/controller/FullMapController.java:750,
"Airspaces checking","Vérifier les espaces aériens",,src/main/java/controller/FullMapController.java:753,
Close,Fermer,,"src/main/java/controller/FullMapController.java:755
src/main/java/controller/CartoViewController.java:271
src/main/java/controller/ManualViewController.java:558
src/main/java/controller/ConfigViewController.java:920
src/main/java/littlewins/winGPS.java:219
src/main/java/littlewins/winLog.java:95
src/main/java/systemio/filesmove.java:72
src/main/java/systemio/webdown.java:70",
Position,Position,,src/main/java/controller/WaypViewController.java:247,
Edit,Editer,,src/main/java/controller/WaypViewController.java:255,
Delete,Supprimer,,"src/main/java/controller/WaypViewController.java:263
src/main/java/controller/CarnetViewController.java:888
src/main/java/controller/CarnetViewController.java:972
src/main/java/controller/CarnetViewController.java:1890
src/main/java/controller/CarnetViewController.java:1970
src/main/java/controller/SitesViewController.java:803
src/main/java/controller/SitesViewController.java:879",
Coordinates,Coordonnées,,src/main/java/controller/WaypViewController.java:271,
"1. Long names","1. Noms longs",,src/main/java/controller/WaypViewController.java:320,
"Only long names are written e.g. MONTMIN FORCLAZ","Uniquement noms longs comme MONTMIN FORCLAZ",,src/main/java/controller/WaypViewController.java:320,
"2. Short names","2. Noms courts",,src/main/java/controller/WaypViewController.java:321,
"Only short names are written e.g. D01127","Uniquement noms courts comme D01127",,src/main/java/controller/WaypViewController.java:321,
"3. Mixed","3. Mixtes",,src/main/java/controller/WaypViewController.java:322,
"Short name and the beginning of long name e.g. D01127 MONTMIN F","Nom court plus le début du nom long exemple : D01127 MONTMIN F",,src/main/java/controller/WaypViewController.java:322,
"Type of names","Types de noms",,src/main/java/controller/WaypViewController.java:324,
"Short name","Nom court",,"src/main/java/controller/WaypViewController.java:354
src/main/java/controller/CoordController.java:617
src/main/java/littlewins/winPoint.java:92",
"Long name","Nom long",,src/main/java/controller/WaypViewController.java:355,
Latitude,Latitude,,"src/main/java/controller/WaypViewController.java:356
src/main/java/controller/WaypViewController.java:1865
src/main/java/controller/SiteFormController.java:1110
src/main/java/controller/SiteFormController.java:1111
src/main/java/controller/SiteFormController.java:1112
src/main/java/controller/ConfigViewController.java:936
src/main/java/controller/CoordController.java:618
src/main/java/controller/CoordController.java:619
src/main/java/controller/CoordController.java:620
src/main/java/littlewins/winCsv.java:302
src/main/java/photos/exifReader.java:193",
Longitude,Longitude,,"src/main/java/controller/WaypViewController.java:357
src/main/java/controller/WaypViewController.java:1866
src/main/java/controller/SiteFormController.java:1113
src/main/java/controller/SiteFormController.java:1114
src/main/java/controller/SiteFormController.java:1115
src/main/java/controller/ConfigViewController.java:937
src/main/java/controller/CoordController.java:621
src/main/java/controller/CoordController.java:622
src/main/java/controller/CoordController.java:623
src/main/java/littlewins/winCsv.java:303
src/main/java/photos/exifReader.java:194",
"File format not recognized","Format de fichier non reconnu",,src/main/java/controller/WaypViewController.java:483,
Format,Format,,"src/main/java/controller/WaypViewController.java:492
src/main/java/controller/WaypViewController.java:496
src/main/java/controller/WaypViewController.java:500
src/main/java/controller/WaypViewController.java:504
src/main/java/controller/WaypViewController.java:508
src/main/java/controller/WaypViewController.java:512
src/main/java/controller/WaypViewController.java:516
src/main/java/controller/WaypViewController.java:564
src/main/java/controller/WaypViewController.java:571
src/main/java/controller/WaypViewController.java:578
src/main/java/controller/WaypViewController.java:585
src/main/java/controller/WaypViewController.java:593
src/main/java/controller/WaypViewController.java:599",
"Unable to decode the file","Impossible de décoder le fichier",,src/main/java/controller/WaypViewController.java:524,
waypoints,waypoints,,"src/main/java/controller/WaypViewController.java:605
src/main/java/controller/WaypViewController.java:1279
src/main/java/controller/WaypViewController.java:1300",
Left,Gauche,,src/main/java/controller/WaypViewController.java:665,
Bottom,Bas,,src/main/java/controller/WaypViewController.java:666,
Right,Droit,,src/main/java/controller/WaypViewController.java:667,
Top,Haut,,src/main/java/controller/WaypViewController.java:668,
"Bounding box with a margin of","Bounding box avec une marge de",,src/main/java/controller/WaypViewController.java:675,
"Copy to clipboard","Placé dans le presse papier",,"src/main/java/controller/WaypViewController.java:679
src/main/java/liveUpdate/checkUpdate.java:107",
"Turnpoints display","Affichage des balises",,src/main/java/controller/WaypViewController.java:743,
"Merge display and new file","Fusionner l'affichage et le nouveau fichier",,src/main/java/controller/WaypViewController.java:743,
"No waypoints in this GPS","Pas de waypoints sur ce GPS",,"src/main/java/controller/WaypViewController.java:835
src/main/java/controller/WaypViewController.java:1244
src/main/java/controller/WaypViewController.java:1247
src/main/java/controller/WaypViewController.java:1270
src/main/java/controller/WaypViewController.java:1589
src/main/java/controller/WaypViewController.java:1592
src/main/java/controller/WaypViewController.java:1610",
"GPS ready [Old Waypoints possibly erased]","GPS prêt [anciens waypoints effacés]",,src/main/java/controller/WaypViewController.java:844,
"Sending to GPS","Transfert GPS",,"src/main/java/controller/WaypViewController.java:846
src/main/java/controller/WaypViewController.java:1002",
"Long names","Noms longs",,"src/main/java/controller/WaypViewController.java:849
src/main/java/controller/WaypViewController.java:1005",
"Short names","Noms courts",,"src/main/java/controller/WaypViewController.java:852
src/main/java/controller/WaypViewController.java:1008",
Mixed,Mixte,,"src/main/java/controller/WaypViewController.java:855
src/main/java/controller/WaypViewController.java:1011",
"Sending to","Envoyer vers",,"src/main/java/controller/WaypViewController.java:1190
src/main/java/controller/WaypViewController.java:1196
src/main/java/controller/WaypViewController.java:1210
src/main/java/controller/WaypViewController.java:1216
src/main/java/controller/WaypViewController.java:1222",
Ready,Prêt,,src/main/java/controller/WaypViewController.java:1000,
"Gps memory cleared","Mémoire du GPS effacée",,src/main/java/controller/WaypViewController.java:1000,
"Save to disk","Sauvegarder sur le disque",,"src/main/java/controller/WaypViewController.java:1229
src/main/java/controller/WaypViewController.java:1255",
"Use GPSDump to download waypoints","Utiliser GPSDump pour décharger les waypoints",,"src/main/java/controller/WaypViewController.java:1257
src/main/java/controller/WaypViewController.java:1598",
"sent to GPS","envoyés au GPS",,"src/main/java/controller/WaypViewController.java:1279
src/main/java/controller/WaypViewController.java:1300",
"Check GPS content","Vérifier le contenu du GPS",,"src/main/java/controller/WaypViewController.java:1288
src/main/java/controller/WaypViewController.java:1308",
"Could not translate the points","Une erreur est survenue pendant la préparation des points",,"src/main/java/controller/WaypViewController.java:1655
src/main/java/controller/WaypViewController.java:1699
src/main/java/controller/WaypViewController.java:1746",
Altitude,Altitude,,"src/main/java/controller/WaypViewController.java:1779
src/main/java/controller/CarnetViewController.java:718
src/main/java/controller/SitesViewController.java:333
src/main/java/controller/SitesViewController.java:595
src/main/java/controller/ManualViewController.java:552
src/main/java/littlewins/winPoint.java:66
src/main/java/photos/exifReader.java:196",
"An error occurred during the map generation","Une erreur est survenue pendant la génération de la carte",,"src/main/java/controller/WaypViewController.java:1805
src/main/java/controller/TraceViewController.java:223
src/main/java/controller/CarnetViewController.java:1674
src/main/java/controller/GPSViewController.java:1384
src/main/java/controller/ImportViewController.java:375
src/main/java/controller/SitesViewController.java:607
src/main/java/controller/SitesViewController.java:618",
Default,"Par défaut",,src/main/java/littlewins/winSearchCities.java:85,
"New file","Nouveau fichier",,"src/main/java/controller/WaypViewController.java:1823
src/main/java/controller/WaypViewController.java:1849",
"Geolocation problem","Problème de geolocalisation",,src/main/java/controller/SiteFormController.java:753,
"Read file","Lire fichier",,src/main/java/controller/WaypViewController.java:2033,
"Read GPS","Lire GPS",,src/main/java/controller/WaypViewController.java:2034,
"Auto short names","Noms courts auto",,src/main/java/controller/WaypViewController.java:2036,
New,Nouveau,,"src/main/java/controller/WaypViewController.java:2035
src/main/java/controller/WaypViewController.java:2037
src/main/java/littlewins/winSiteChoice.java:100",
"Write file","Ecrire fichier",,src/main/java/controller/WaypViewController.java:2038,
"Send to GPS","Envoi vers GPS",,"src/main/java/controller/WaypViewController.java:907
src/main/java/controller/WaypViewController.java:963
src/main/java/controller/WaypViewController.java:1051
src/main/java/controller/WaypViewController.java:2039",
Email,Mail,,src/main/java/controller/WaypViewController.java:2040,
Turnpoint,Balise,,src/main/java/controller/WaypViewController.java:2041,
Alt,Alt,,"src/main/java/controller/WaypViewController.java:2042
src/main/java/controller/SitesViewController.java:906
src/main/java/littlewins/winCsv.java:301
src/main/java/littlewins/winSiteChoice.java:124",
Name,Nom,,"src/main/java/controller/WaypViewController.java:2043
src/main/java/controller/SiteFormController.java:1103
src/main/java/controller/SitesViewController.java:903
src/main/java/littlewins/winAirDraw.java:81",
points,points,,"src/main/java/controller/TraceViewController.java:128
src/main/java/controller/TraceViewController.java:180",
"Invalid Track","Trace invalide",,"src/main/java/controller/TraceViewController.java:145
src/main/java/controller/TraceViewController.java:230
src/main/java/controller/GPSViewController.java:1398
src/main/java/controller/ImportViewController.java:261
src/main/java/controller/ImportViewController.java:322",
"Rough Points","Points bruts",,"src/main/java/controller/TraceViewController.java:145
src/main/java/controller/TraceViewController.java:230
src/main/java/controller/GPSViewController.java:1398
src/main/java/controller/ImportViewController.java:322",
"valid points","points valides",,"src/main/java/controller/TraceViewController.java:146
src/main/java/controller/TraceViewController.java:231
src/main/java/controller/GPSViewController.java:1399
src/main/java/controller/ImportViewController.java:323",
"Try Cartography option","Essayer l'option Cartographie",,"src/main/java/controller/TraceViewController.java:147
src/main/java/controller/TraceViewController.java:152",
"No valid points in this track file","Aucun points valide dans ce fichier trace",,"src/main/java/controller/TraceViewController.java:151
src/main/java/controller/TraceViewController.java:234
src/main/java/controller/GPSViewController.java:1402
src/main/java/controller/ImportViewController.java:326",
"Bad download URL","Mauvaise url de téléchargement",,src/main/java/controller/TraceViewController.java:314,
"Could not download track","Problème de chargement de la trace",,"src/main/java/controller/TraceViewController.java:319
src/main/java/controller/CarnetViewController.java:1770",
"Generating KML file","Génération fichier Kml",,src/main/java/controller/TraceViewController.java:422,
"File generation completed","Génération du fichier terminée",,"src/main/java/controller/TraceViewController.java:480
src/main/java/controller/CarnetViewController.java:2218",
"Track file","Fichier trace",,src/main/java/controller/TraceViewController.java:549,
"Points list","Liste points",,"src/main/java/controller/TraceViewController.java:557
src/main/java/controller/CarnetViewController.java:980",
Export,Exporter,,"src/main/java/controller/TraceViewController.java:566
src/main/java/controller/CarnetViewController.java:896
src/main/java/controller/CarnetViewController.java:989
src/main/java/controller/SitesViewController.java:684
src/main/java/controller/SitesViewController.java:847
src/main/java/littlewins/winCsv.java:100",
"Send via e-mail","Envoi par mail",,"src/main/java/controller/TraceViewController.java:578
src/main/java/controller/KmlViewController.java:349
src/main/java/littlewins/winMail.java:331",
"Select a track","Sélectionner une trace",,"src/main/java/controller/TraceViewController.java:634
src/main/java/littlewins/winFileChoose.java:102
src/main/java/littlewins/winFileChoose.java:110",
"Full screen map","Carte plein écran",,"src/main/java/controller/TraceViewController.java:639
src/main/java/controller/CarnetViewController.java:2239
src/main/java/controller/SitesViewController.java:915",
"VisuGPS display","Affichage VisuGPS",,src/main/java/controller/TraceViewController.java:645,
"Google Earth file generation","Génération fichier Google Earth",,"src/main/java/controller/TraceViewController.java:657
src/main/java/controller/CarnetViewController.java:2257",
Points,Points,,"src/main/java/controller/KmlViewController.java:236
src/main/java/leaflet/map_visu.java:807",
"Reduce the number of points","Réduction du nombre de points",,src/main/java/controller/KmlViewController.java:340,
"Track with profile","Trace avec profil",,"src/main/java/controller/KmlViewController.java:341
src/main/java/kml/trackSimple.java:57",
"Colored track by altitude","Trace colorée par altitude",,src/main/java/controller/KmlViewController.java:342,
"Colored track by climb","Trace colorée par vario",,src/main/java/controller/KmlViewController.java:343,
"Colored track by speed","Trace colorée par vitesse",,src/main/java/controller/KmlViewController.java:344,
Thermals,Thermiques,,"src/main/java/controller/KmlViewController.java:346
src/main/java/leaflet/map_visu.java:917
src/main/java/kml/trackThermal.java:99",
Replay,Replay,,src/main/java/controller/KmlViewController.java:347,
"Export Google Earth file","Exporter le fichier Google Earth",,src/main/java/controller/KmlViewController.java:348,
"Run Google Earth","Lancer Google Earth",,src/main/java/controller/KmlViewController.java:350,
"Sampling points","Echantillonnage de points",,src/main/java/controller/KmlViewController.java:351,
"Distance above the trace","Distance au dessus de la trace",,src/main/java/controller/KmlViewController.java:352,
"Camera timer","Timer de la caméra",,src/main/java/controller/KmlViewController.java:353,
"Camera recoil","Recul de la camera",,src/main/java/controller/KmlViewController.java:354,
"Camera tilt","Inclinaison caméra",,src/main/java/controller/KmlViewController.java:355,
"GPS alt","Alti GPS",,"src/main/java/trackgps/checkAirspace.java:430
src/main/java/trackgps/checkAirspace.java:436
src/main/java/controller/KmlViewController.java:356",
"Baro alt","Alti Baro",,src/main/java/controller/KmlViewController.java:357,
OK,Valider,,"src/main/java/controller/KmlViewController.java:359
src/main/java/controller/SiteFormController.java:1119
src/main/java/controller/ConfigViewController.java:940
src/main/java/controller/ConfigViewController.java:951
src/main/java/controller/ConfigViewController.java:960
src/main/java/littlewins/winAirDraw.java:144
src/main/java/littlewins/winPoint.java:114
src/main/java/littlewins/winGlider.java:127
src/main/java/littlewins/winAirSearch.java:68
src/main/java/littlewins/winComment.java:76
src/main/java/littlewins/winRename.java:103",
"Last updated date","Date de mise à jour",,src/main/java/controller/SiteFormController.java:692,
"Not found","Non trouvé",,src/main/java/controller/SiteFormController.java:750,
"Incomplete input","La saisie est incomplète",,src/main/java/controller/SiteFormController.java:932,
"Accepted characters","Caractères acceptés",,src/main/java/controller/SiteFormController.java:1070,
"Fills fields with the button values","Remplit les champs avec les valeurs du bouton",,src/main/java/controller/SiteFormController.java:1081,
"OpenStreetMap search with name","Recherche OpenStreetMap sur le nom",,src/main/java/controller/SiteFormController.java:1085,
Orientation,Orientation,,"src/main/java/controller/SiteFormController.java:1104
src/main/java/controller/SitesViewController.java:907",
City,Localité,,"src/main/java/controller/SiteFormController.java:1105
src/main/java/littlewins/winOsmCities.java:73
src/main/java/littlewins/winSearchCities.java:102
src/main/java/littlewins/winSiteChoice.java:114",
"ZIP code","Code Postal",,"src/main/java/controller/SiteFormController.java:1106
src/main/java/controller/SitesViewController.java:905",
Country,Pays,,"src/main/java/controller/SiteFormController.java:1107
src/main/java/littlewins/winSiteList.java:88
src/main/java/littlewins/winOsmCities.java:83
src/main/java/littlewins/winSearchCities.java:112
src/main/java/littlewins/winCsv.java:300",
"Take off",Décollage,,"src/main/java/trackgps/analyse.java:428
src/main/java/controller/SiteFormController.java:1108
src/main/java/controller/SitesViewController.java:909
src/main/java/controller/ManualViewController.java:551
src/main/java/controller/PhotoTagViewController.java:967
src/main/java/leaflet/map_visu.java:434
src/main/java/leaflet/map_visu.java:700",
Landing,Atterissage,,"src/main/java/trackgps/analyse.java:436
src/main/java/controller/SiteFormController.java:1109
src/main/java/controller/SitesViewController.java:910
src/main/java/controller/PhotoTagViewController.java:968
src/main/java/leaflet/map_visu.java:443
src/main/java/leaflet/map_visu.java:775",
"Take-off alt","Alti déco",,src/main/java/controller/SiteFormController.java:1116,
Comment,Commentaire,,"src/main/java/controller/SiteFormController.java:1117
src/main/java/controller/CarnetViewController.java:856
src/main/java/controller/CarnetViewController.java:956
src/main/java/controller/CarnetViewController.java:1890
src/main/java/controller/ManualViewController.java:553
src/main/java/littlewins/winCsv.java:305",
Geolocation,Géolocalisation,,src/main/java/controller/SiteFormController.java:1120,
"Move marker to change coordinates","Déplacer le marqueur pour modifier les coordonnées",,src/main/java/controller/SiteFormController.java:1121,
Edit/Duplicate,Editer/Dupliquer,,src/main/java/controller/CarnetViewController.java:193,
"No flights in the logbook","Pas de vols dans le carnet",,"src/main/java/controller/CarnetViewController.java:350
src/main/java/littlewins/winCsv.java:149",
"No flights in logbook","Pas de vols dans le carnet",,"src/main/java/controller/CarnetViewController.java:448
src/main/java/littlewins/winCsv.java:342",
"Delete flight","Suppression du vol",,src/main/java/controller/CarnetViewController.java:490,
"A flight must be selected","Un vol doit être sélectionné",,src/main/java/controller/CarnetViewController.java:506,
"File decoding problem","Problème de décodage du fichier",,src/main/java/controller/CarnetViewController.java:578,
Selection,Sélection,,src/main/java/controller/CarnetViewController.java:613,
"flight time","temps de vol",,src/main/java/controller/CarnetViewController.java:614,
hours,heures,,src/main/java/controller/CarnetViewController.java:635,
minutes,minutes,,src/main/java/controller/CarnetViewController.java:636,
"Change glider","Modifier la voile",,"src/main/java/controller/CarnetViewController.java:840
src/main/java/controller/CarnetViewController.java:1013",
"Rename site","Renommer le site",,src/main/java/controller/CarnetViewController.java:864,
"Site form","Fiche site",,src/main/java/controller/CarnetViewController.java:872,
"Change site","Changer site",,src/main/java/controller/CarnetViewController.java:880,
"Photo of the day","Photo du jour",,"src/main/java/controller/CarnetViewController.java:904
src/main/java/controller/CarnetViewController.java:948
src/main/java/controller/CarnetViewController.java:1970",
"Photos folder","Dossier photos",,src/main/java/controller/CarnetViewController.java:912,
More,Plus,,"src/main/java/controller/CarnetViewController.java:929
src/main/java/controller/SitesViewController.java:887",
"Track content","Fichier trace",,"src/main/java/controller/CarnetViewController.java:1005
src/main/java/controller/PhotoTagViewController.java:196",
"Merge flights","Fusionner les vols",,src/main/java/controller/CarnetViewController.java:1029,
"Update sites","Actualiser les sites",,src/main/java/controller/CarnetViewController.java:1037,
"Visu GPS in Logfly","VisuGPS dans Logfly",,src/main/java/controller/CarnetViewController.java:1051,
"VisuGPS in browser","VisuGPS dans le navigateur",,"src/main/java/controller/CarnetViewController.java:1059
src/main/java/controller/ConfigViewController.java:933",
"Site form not found","Fiche site non trouvée",,src/main/java/controller/CarnetViewController.java:1280,
"Merge IGC tracks","Fusionner les traces IGC",,src/main/java/controller/CarnetViewController.java:1471,
"merged flights","vols fusionnés",,src/main/java/controller/CarnetViewController.java:1582,
"Bad download url","Mauvaise url de téléchargement",,src/main/java/controller/CarnetViewController.java:1765,
"What would you like to do","Que voulez-vous faire",,"src/main/java/controller/CarnetViewController.java:1889
src/main/java/controller/CarnetViewController.java:1969",
Change,Changer,,"src/main/java/controller/CarnetViewController.java:1890
src/main/java/controller/CarnetViewController.java:1970",
"photos files (*.jpg)","fichiers photos (*.jpg)",,src/main/java/controller/CarnetViewController.java:2019,
"Kml file generation","Génération fichier Kml",,src/main/java/controller/CarnetViewController.java:2162,
Date,Date,,"src/main/java/controller/CarnetViewController.java:2231
src/main/java/controller/GPSViewController.java:1815
src/main/java/controller/ImportViewController.java:525
src/main/java/controller/ManualViewController.java:545
src/main/java/controller/PhotoTagViewController.java:965
src/main/java/littlewins/winCsv.java:295",
Time,Heure,,"src/main/java/controller/CarnetViewController.java:2232
src/main/java/controller/GPSViewController.java:1816
src/main/java/controller/ImportViewController.java:526
src/main/java/littlewins/winPoints.java:144",
Site,Site,,"src/main/java/controller/CarnetViewController.java:2234
src/main/java/littlewins/winCsv.java:299
src/main/java/littlewins/winSiteChoice.java:109",
Glider,Voile,,"src/main/java/controller/CarnetViewController.java:2235
src/main/java/controller/ManualViewController.java:549
src/main/java/controller/ConfigViewController.java:923
src/main/java/leaflet/map_pm.java:138
src/main/java/littlewins/winGlider.java:100
src/main/java/littlewins/winCsv.java:304",
All,Tous,,"src/main/java/controller/CarnetViewController.java:2242
src/main/java/controller/SitesViewController.java:908
src/main/java/littlewins/winCsv.java:141
src/main/java/littlewins/winCsv.java:177",
"Display all flights","Afficher tous les vols",,src/main/java/controller/CarnetViewController.java:2245,
"Track scoring","Evaluation de la trace",,src/main/java/controller/CarnetViewController.java:2251,
Settings,Configuration,,"src/main/java/controller/RootLayoutController.java:215
src/main/java/controller/RootLayoutController.java:558",
"Back to original size","Retour à la taille originale",,src/main/java/controller/RootLayoutController.java:246,
"Coming soon","C’est pour bientôt",,src/main/java/controller/RootLayoutController.java:261,
"Send an e-mail","Envoyer un mail",,src/main/java/controller/RootLayoutController.java:351,
"Log file","Fichier log",,src/main/java/controller/RootLayoutController.java:359,
"System report","Rapport système",,src/main/java/controller/RootLayoutController.java:367,
"Send logbook","Envoyer le carnet",,src/main/java/controller/RootLayoutController.java:375,
"Release notes","Notes de publication",,src/main/java/controller/RootLayoutController.java:389,
Credits,Credits,,src/main/java/controller/RootLayoutController.java:397,
"Original display","Affichage original",,src/main/java/controller/RootLayoutController.java:415,
"Logbook copy","Copie carnet",,src/main/java/controller/RootLayoutController.java:423,
"Csv import","Import csv",,"src/main/java/database/dbImport.java:166
src/main/java/database/dbParawing.java:80
src/main/java/controller/RootLayoutController.java:431",
"Csv export","Export csv",,"src/main/java/controller/RootLayoutController.java:439
src/main/java/littlewins/winCsv.java:237",
Backup,Sauvegarder,,src/main/java/controller/RootLayoutController.java:447,
Restore,Restaurer,,"src/main/java/controller/RootLayoutController.java:447
src/main/java/littlewins/winBackup.java:138",
Translation,Traduction,,src/main/java/controller/RootLayoutController.java:455,
Logbook,Carnet,,"src/main/java/settings/listStartwin.java:34
src/main/java/controller/RootLayoutController.java:542
src/main/java/controller/ImportViewController.java:524
src/main/java/controller/ConfigViewController.java:908",
"GPS import","Import GPS",,"src/main/java/gps/gpsdump.java:1285
src/main/java/controller/WaypViewController.java:1452
src/main/java/controller/WaypViewController.java:1496
src/main/java/controller/RootLayoutController.java:543
src/main/java/controller/GPSViewController.java:947
src/main/java/controller/GPSViewController.java:1218
src/main/java/controller/GPSViewController.java:1639",
"Disk import","Import disque",,src/main/java/controller/RootLayoutController.java:544,
"Manual import","Import manuel",,src/main/java/controller/RootLayoutController.java:545,
"External track","Trace externe",,src/main/java/controller/RootLayoutController.java:546,
Overview,Synthèse,,"src/main/java/settings/listStartwin.java:35
src/main/java/controller/RootLayoutController.java:549
src/main/java/controller/ConfigViewController.java:943",
Statistics,Statistiques,,src/main/java/controller/RootLayoutController.java:550,
Sites,Sites,,"src/main/java/controller/RootLayoutController.java:551
src/main/java/controller/DashController.java:711
src/main/java/controller/StatViewController.java:1006",
Waypoints,Waypoints,,src/main/java/controller/RootLayoutController.java:552,
Airspaces,"Espaces aériens",,"src/main/java/controller/RootLayoutController.java:553
src/main/java/leaflet/map_visu.java:914",
Photos,Photos,,src/main/java/controller/RootLayoutController.java:554,
Cartography,Cartographie,,src/main/java/controller/RootLayoutController.java:555,
Tools,Outils,,src/main/java/controller/RootLayoutController.java:562,
Support,Support,,src/main/java/controller/RootLayoutController.java:566,
"Could not read logbook","Problème de lecture dans le carnet",,"src/main/java/database/dbSearch.java:335
src/main/java/controller/DashViewController.java:325
src/main/java/controller/DashViewController.java:362
src/main/java/controller/DashViewController.java:400
src/main/java/controller/DashViewController.java:442
src/main/java/controller/DashViewController.java:491
src/main/java/controller/DashViewController.java:534
src/main/java/controller/DashController.java:298
src/main/java/controller/DashController.java:337
src/main/java/controller/DashController.java:501
src/main/java/controller/DashController.java:558
src/main/java/controller/DashController.java:591
src/main/java/controller/DashController.java:625",
"Best flight","Meilleur vol",,src/main/java/controller/DashViewController.java:438,
"Top site","Top site",,src/main/java/controller/DashViewController.java:528,
"No track to display","Pas de trace à afficher",,src/main/java/controller/DashViewController.java:608,
"Click on a sector to display the value","Cliquer sur un secteur pour afficher la valeur",,src/main/java/controller/DashViewController.java:844,
Flights,Vols,,"src/main/java/database/dbSearch.java:324
src/main/java/controller/DashViewController.java:874
src/main/java/controller/DashController.java:706
src/main/java/controller/DashController.java:707
src/main/java/controller/DashController.java:712",
Hours,Heures,,src/main/java/controller/DashViewController.java:875,
Comparison,Comparaison,,src/main/java/controller/DashViewController.java:876,
"Last twelve months since the","Douze derniers mois depuis le",,src/main/java/controller/DashViewController.java:877,
"GPS tracks","Traces dans le GPS",,src/main/java/controller/GPSViewController.java:234,
"Tracks to be added","Traces à incorporer",,"src/main/java/controller/GPSViewController.java:235
src/main/java/controller/ImportViewController.java:298",
"flights to insert","vols à insérer",,"src/main/java/controller/GPSViewController.java:253
src/main/java/controller/ImportViewController.java:468",
"No tracks since the","Pas de traces depuis le",,src/main/java/controller/GPSViewController.java:865,
"flights inserted in logbook","vol(s) inséré(s) dans le carnet",,src/main/java/controller/GPSViewController.java:1202,
"Start archiving","Procéder à l'archivage ?",,src/main/java/controller/GPSViewController.java:1205,
"tracks not inserted in the logbook","Traces non insérées dans le carnet",,src/main/java/controller/GPSViewController.java:1211,
"GPSDump did not return the requested track","GPSDump n'a pas renvoyé la trace demandée",,src/main/java/controller/GPSViewController.java:1664,
"Left-click to select a flight","Sélectionnez un vol par un clic gauche",,"src/main/java/controller/GPSViewController.java:1757
src/main/java/controller/ImportViewController.java:405",
Unselect,Décocher,,"src/main/java/controller/GPSViewController.java:1804
src/main/java/controller/ImportViewController.java:530",
"Logbook update","Mise à jour Carnet",,"src/main/java/controller/GPSViewController.java:1805
src/main/java/controller/ImportViewController.java:531",
"All checked flights will be included in the logbook","Tous les vols cochés sont incorporés dans le carnet",,src/main/java/controller/GPSViewController.java:1808,
"Track visualization","Visualisation trace",,"src/main/java/controller/GPSViewController.java:1810
src/main/java/controller/ImportViewController.java:533",
"The selected flight (left-click) is viewed without incorporation into the logbook","Le vol sélectionné (clic gauche) est visualisé sans incorporation dans le carnet",,src/main/java/controller/GPSViewController.java:1813,
Sector,Secteur,,src/main/java/controller/XcpViewController.java:305,
Read,Lire,,src/main/java/controller/XcpViewController.java:306,
Track,Trace,,"src/main/java/controller/CartoViewController.java:267
src/main/java/controller/PhotoTagViewController.java:947
src/main/java/leaflet/map_visu.java:916",
"Detected tracks in folder","traces détectées dans le dossier",,src/main/java/controller/ImportViewController.java:169,
"Tracks in folder","Traces dans le dossier",,"src/main/java/controller/ImportViewController.java:178
src/main/java/controller/ImportViewController.java:296",
"tracks to delete in the folder","traces à supprimer dans le dossier",,src/main/java/controller/ImportViewController.java:423,
"File name","Nom du fichier",,"src/main/java/controller/ImportViewController.java:527
src/main/java/controller/PhotoTagViewController.java:964
src/main/java/littlewins/winSaveXcp.java:451
src/main/java/littlewins/winUsbWWayp.java:56
src/main/java/photos/exifReader.java:94",
"Pilot name","Nom pilote",,"src/main/java/controller/ImportViewController.java:528
src/main/java/controller/ConfigViewController.java:922
src/main/java/kml/headersKml.java:68",
"Select a folder","Sélectionner un dossier",,"src/main/java/controller/ImportViewController.java:529
src/main/java/littlewins/winDirChoose.java:83
src/main/java/littlewins/winDirChoose.java:90
src/main/java/littlewins/winDirChoose.java:97
src/main/java/littlewins/winDirChoose.java:104
src/main/java/littlewins/winDirChoose.java:111
src/main/java/littlewins/winDirChoose.java:118
src/main/java/littlewins/winDirChoose.java:125
src/main/java/littlewins/winDirChoose.java:132",
"Cleaning folder","Nettoyage dossier",,src/main/java/controller/ImportViewController.java:532,
"Remove duplicates","Supprimer les doublons",,src/main/java/controller/SitesViewController.java:391,
"Delete site","Suppression du site",,src/main/java/controller/SitesViewController.java:534,
"No site selected","Aucun site sélectionné",,src/main/java/controller/SitesViewController.java:554,
"selected sites","sites sélectionnés",,src/main/java/controller/SitesViewController.java:684,
Exported,"Export terminé",,src/main/java/controller/SitesViewController.java:735,
Modify,Modifier,,"src/main/java/controller/FullMapController.java:745
src/main/java/controller/SitesViewController.java:787
src/main/java/controller/SitesViewController.java:863
src/main/java/controller/ConfigViewController.java:914",
Add,Ajouter,,"src/main/java/controller/SitesViewController.java:795
src/main/java/controller/SitesViewController.java:871
src/main/java/controller/ManualViewController.java:556",
Duplicates,Doublons,,src/main/java/controller/SitesViewController.java:811,
Cleaning,Nettoyer,,src/main/java/controller/SitesViewController.java:819,
Download,Télécharger,,"src/main/java/controller/SitesViewController.java:827
src/main/java/littlewins/winSiteList.java:148",
Import,Importer,,"src/main/java/controller/SitesViewController.java:838
src/main/java/systemio/webdown.java:66",
Locality,Localité,,src/main/java/controller/SitesViewController.java:904,
"Not defined","Non défini",,src/main/java/controller/SitesViewController.java:911,
"Date and time unchanged","La date et l'heure n'ont pas été modifiées",,src/main/java/controller/ManualViewController.java:200,
"Cancel input","Abandon saisie",,src/main/java/controller/ManualViewController.java:249,
"Site not found","Site trouvé",,src/main/java/controller/ManualViewController.java:528,
"Take-off time","Heure Déco",,"src/main/java/controller/ManualViewController.java:546
src/main/java/kml/headersKml.java:71",
"Click to list","Clic pour lister",,src/main/java/controller/ManualViewController.java:550,
"Site file","Fichier des sites",,src/main/java/controller/ManualViewController.java:554,
"Click site File","Clic fichier des sites",,src/main/java/controller/ManualViewController.java:555,
Duplicate,Dupliquer,,src/main/java/controller/ManualViewController.java:557,
"Flight added","Vol ajouté",,src/main/java/controller/ManualViewController.java:559,
"Flight updated","Vol modifié",,src/main/java/controller/ManualViewController.java:560,
"Unresolved settings problem","Problème de paramètrage non résolu",,"src/main/java/controller/ConfigViewController.java:465
src/main/java/controller/ConfigViewController.java:481",
"Copy in","Copié dans",,src/main/java/controller/ConfigViewController.java:634,
"Logbook restore","Restauration carnet",,src/main/java/controller/ConfigViewController.java:635,
"Other folder","Autre dossier",,src/main/java/controller/ConfigViewController.java:635,
"No logbook in selected folder","Pas de carnets dans le dossier choisi",,src/main/java/controller/ConfigViewController.java:738,
Map,Carte,,"src/main/java/controller/ConfigViewController.java:909
src/main/java/controller/ConfigViewController.java:938",
Miscellaneous,Divers,,src/main/java/controller/ConfigViewController.java:910,
Web,Internet,,src/main/java/controller/ConfigViewController.java:911,
"Working folder path","Chemin du dossier de travail",,src/main/java/controller/ConfigViewController.java:912,
"Logbook(s) path","Chemin carnet(s)",,src/main/java/controller/ConfigViewController.java:915,
"Create a new logbook","Créer un nouveau carnet",,src/main/java/controller/ConfigViewController.java:916,
"Move logbook(s) to a different folder","Déplacer le(s) carnet(s) vers un autre dossier",,src/main/java/controller/ConfigViewController.java:917,
"Choose a new logbook folder","Choisir un nouveau dossier de carnets",,src/main/java/controller/ConfigViewController.java:918,
Pilot,Pilote,,"src/main/java/controller/ConfigViewController.java:921
src/main/java/littlewins/winGlider.java:77",
"Usual GPS","GPS habituel",,src/main/java/controller/ConfigViewController.java:924,
Integration,Intégration,,src/main/java/controller/ConfigViewController.java:925,
"USB limit","Limite USB",,src/main/java/controller/ConfigViewController.java:926,
"Pilot mail","Mail pilote",,src/main/java/controller/ConfigViewController.java:927,
League,League,,src/main/java/controller/ConfigViewController.java:928,
Login,Identifiant,,src/main/java/controller/ConfigViewController.java:929,
Pass,"Mot de passe",,src/main/java/controller/ConfigViewController.java:930,
Ok,Valider,,src/main/java/controller/ConfigViewController.java:932,
"Default map","Carte par défaut",,src/main/java/controller/ConfigViewController.java:934,
"Outliers threshold for map","Seuil points aberrants",,src/main/java/controller/ConfigViewController.java:939,
Language,Langue,,src/main/java/controller/ConfigViewController.java:942,
"Import folder","Dossier d'import",,src/main/java/controller/ConfigViewController.java:945,
"Automatic display of photos","Affichage automatique des photos",,src/main/java/controller/ConfigViewController.java:947,
"Automatic update","Mise à jour automatique",,src/main/java/controller/ConfigViewController.java:948,
"Logfly site url","Url Site Logfly",,src/main/java/controller/ConfigViewController.java:952,
"Icons url","Url Icônes",,src/main/java/controller/ConfigViewController.java:953,
"Download url","Url Téléchargement",,src/main/java/controller/ConfigViewController.java:954,
"VisuGPS url","Url VisuGPS",,src/main/java/controller/ConfigViewController.java:955,
"mail support url","Url mail support",,src/main/java/controller/ConfigViewController.java:956,
"Claim url","Url Déclaration",,src/main/java/controller/ConfigViewController.java:957,
"Export IGC folder","Exporter le fichier IGC",,src/main/java/controller/ConfigViewController.java:958,
years,ans,,src/main/java/controller/StatViewController.java:238,
monthes,mois,,src/main/java/controller/StatViewController.java:239,
Totals,Totaux,,"src/main/java/controller/DashController.java:232
src/main/java/controller/StatViewController.java:244",
Averages,Moyennes,,src/main/java/controller/StatViewController.java:245,
"undefined start and end date","date début et date fin non définies",,src/main/java/controller/StatViewController.java:259,
"Move the mouse over the bar to display the value","Survoler une barre pour afficher la valeur",,src/main/java/controller/StatViewController.java:980,
and,et,,src/main/java/controller/StatViewController.java:980,
"to display the different parts of the graph","pour afficher les différentes parties du graphe",,src/main/java/controller/StatViewController.java:981,
List,Liste,,"src/main/java/controller/StatViewController.java:982
src/main/java/controller/StatViewController.java:1007",
"plaintext visualization","affichage en clair",,src/main/java/controller/StatViewController.java:982,
"Flight hours","Heures de vol",,"src/main/java/database/dbSearch.java:325
src/main/java/controller/StatViewController.java:990
src/main/java/controller/StatViewController.java:1000",
"Total number of flights","Nombre vols total",,"src/main/java/controller/StatViewController.java:991
src/main/java/controller/StatViewController.java:1001",
"Flight period displayed","Période de vol affichée",,src/main/java/controller/StatViewController.java:992,
"First flight of the period","Premier vol de la période",,src/main/java/controller/StatViewController.java:993,
"Last flight of the period","Dernier vol de la période",,src/main/java/controller/StatViewController.java:994,
"Average number of flights per year","Nbre de vols moyen par an",,src/main/java/controller/StatViewController.java:995,
"Average annual flight time","Durée moyenne vol annuelle",,src/main/java/controller/StatViewController.java:996,
"Average flight time","Durée moyenne vol",,"src/main/java/controller/StatViewController.java:997
src/main/java/controller/StatViewController.java:1002",
"Average number of flights per month","Nbre de vols moyen par mois",,"src/main/java/controller/StatViewController.java:998
src/main/java/controller/StatViewController.java:1003",
"Average monthly duration","Durée moyenne mensuelle",,"src/main/java/controller/StatViewController.java:999
src/main/java/controller/StatViewController.java:1004",
Gliders,Voiles,,"src/main/java/controller/DashController.java:710
src/main/java/controller/StatViewController.java:1005",
Jan,Jan,,"src/main/java/controller/DashController.java:692
src/main/java/controller/StatViewController.java:1008",
Feb,Fév,,"src/main/java/controller/DashController.java:693
src/main/java/controller/StatViewController.java:1009",
Mar,Mar,,"src/main/java/controller/DashController.java:694
src/main/java/controller/StatViewController.java:1010",
Apr,Avr,,"src/main/java/controller/DashController.java:695
src/main/java/controller/StatViewController.java:1011",
May,Mai,,"src/main/java/controller/DashController.java:696
src/main/java/controller/StatViewController.java:1012",
Jun,Jun,,"src/main/java/controller/DashController.java:697
src/main/java/controller/StatViewController.java:1013",
Jul,Jui,,"src/main/java/controller/DashController.java:698
src/main/java/controller/StatViewController.java:1014",
Aug,Aou,,"src/main/java/controller/DashController.java:699
src/main/java/controller/StatViewController.java:1015",
Sep,Sep,,"src/main/java/controller/DashController.java:700
src/main/java/controller/StatViewController.java:1016",
Oct,Oct,,"src/main/java/controller/DashController.java:701
src/main/java/controller/StatViewController.java:1017",
Nov,Nov,,"src/main/java/controller/DashController.java:702
src/main/java/controller/StatViewController.java:1018",
Dec,Déc,,"src/main/java/controller/DashController.java:703
src/main/java/controller/StatViewController.java:1019",
"Flights stats","Stats vols",,src/main/java/controller/StatViewController.java:1021,
"Monthly mean","Moyenne mensuelle",,"src/main/java/controller/StatViewController.java:1021
src/main/java/controller/StatViewController.java:1024",
Year-to-date,"Cumul annuel",,"src/main/java/controller/StatViewController.java:1021
src/main/java/controller/StatViewController.java:1024",
"Flights hours stat","Stats heures de vol",,src/main/java/controller/StatViewController.java:1024,
"Delete geotag folder","Supprimer le dossier geotaggé",,src/main/java/controller/PhotoTagViewController.java:214,
"Show full size","Afficher plein écran",,src/main/java/controller/PhotoTagViewController.java:230,
"Show on map","Afficher sur la carte",,src/main/java/controller/PhotoTagViewController.java:238,
"Adjust on the track","Ajuster sur la trace",,src/main/java/controller/PhotoTagViewController.java:246,
"Display infos","Afficher les informations",,src/main/java/controller/PhotoTagViewController.java:254,
"Manually geotag","Géomarquer manuellement",,src/main/java/controller/PhotoTagViewController.java:262,
"Remove geotag","Supprimer le géo marquage",,src/main/java/controller/PhotoTagViewController.java:270,
photos,photos,,src/main/java/controller/PhotoTagViewController.java:327,
"No photos to display","Pas de photos à afficher",,src/main/java/controller/PhotoTagViewController.java:331,
Geotaging,Géomarquage,,src/main/java/controller/PhotoTagViewController.java:515,
"Ready to process photos","Prêt à traiter les photos",,"src/main/java/controller/PhotoTagViewController.java:515
src/main/java/controller/PhotoTagViewController.java:614",
"photos processed","Les photos sont traitées",,"src/main/java/controller/PhotoTagViewController.java:563
src/main/java/controller/PhotoTagViewController.java:634",
"See the map","Voir la carte",,src/main/java/controller/PhotoTagViewController.java:564,
"Album generation","Génération de l'album",,src/main/java/controller/PhotoTagViewController.java:614,
"Photo gallery is available in full map track","La galerie photo est disponible avec la grande carte",,src/main/java/controller/PhotoTagViewController.java:635,
"Geotag folder","Dossier géo marquage",,src/main/java/controller/PhotoTagViewController.java:652,
"Delete this folder","Supprimer ce dossier",,src/main/java/controller/PhotoTagViewController.java:652,
"Current photo is null","La photo actuelle est vide",,src/main/java/controller/PhotoTagViewController.java:695,
"No geographical information to display the position","Pas d'informations géographiques pour afficher la position",,src/main/java/controller/PhotoTagViewController.java:712,
"To change position, remove geotag information","Pour changer la positon, supprimer d'abord le géo marquage",,src/main/java/controller/PhotoTagViewController.java:721,
"Photo geotagging","Géomarquage des photos",,"src/main/java/controller/PhotoTagViewController.java:758
src/main/java/controller/PhotoTagViewController.java:830",
"Remove coordinates in the photo metadata","Supprimer les coordonnées de la photo ",,src/main/java/controller/PhotoTagViewController.java:758,
"Problem during geotagging process","Problème pendant le géomarquage des photos",,"src/main/java/controller/PhotoTagViewController.java:774
src/main/java/controller/PhotoTagViewController.java:851",
"The photo is placed on the GPS track","La photo est située sur la trace GPS",,src/main/java/controller/PhotoTagViewController.java:805,
"The photo is already geotagged","La photo est déjà géomarquée",,src/main/java/controller/PhotoTagViewController.java:808,
"Write the coordinates in the photo metadata","Ecrire les coordonnées dans les métadonnées de la photo",,src/main/java/controller/PhotoTagViewController.java:830,
"Display the entire map","Afficher la carte entière",,src/main/java/controller/PhotoTagViewController.java:884,
"Please choose the photo folder to associate with the track","Choisir le dossier à associer à la trace",,src/main/java/controller/PhotoTagViewController.java:892,
Folder,Dossier,,src/main/java/controller/PhotoTagViewController.java:942,
"Choose the folder of the original photos","Choisir le dossier des photos originales",,src/main/java/controller/PhotoTagViewController.java:945,
"Choose an external GPS track","Choisir une trace GPS externe",,src/main/java/controller/PhotoTagViewController.java:950,
"Generate on the track","Générer sur la trace",,src/main/java/controller/PhotoTagViewController.java:952,
"Generate a folder with the photos on the track","Générer un dossier avec les photos sur la trace",,src/main/java/controller/PhotoTagViewController.java:956,
"Generate an album","Générer un album photos",,src/main/java/controller/PhotoTagViewController.java:958,
"Generate a folder for a single album","Générer un dossier pour un album simple",,src/main/java/controller/PhotoTagViewController.java:961,
Hour,Heure,,"src/main/java/controller/PhotoTagViewController.java:966
src/main/java/littlewins/winCsv.java:296",
Description,Description,,"src/main/java/controller/CoordController.java:616
src/main/java/littlewins/winPoint.java:80",
"Decimal separator must be a point","Le séparateur décimal doit être un point",,src/main/java/controller/CoordController.java:624,
"Place with coordinates","Placer avec les coordonnées",,src/main/java/controller/CoordController.java:625,
"Manually place the point on the map","Placer manuellement le point sur la carte",,src/main/java/controller/CoordController.java:626,
"Click on timeline","Cliquer sur la ligne de temps",,src/main/java/leaflet/map_photo_one.java:143,
"to place the photo marker","pour placer le marqueur de la photo",,src/main/java/leaflet/map_photo_one.java:144,
SP,BD,,"src/main/java/leaflet/map_visu.java:503
src/main/java/kml/trackScore.java:175 src/main/java/kml/trackScore.java:294
src/main/java/kml/trackScore.java:350",
EP,BA,,"src/main/java/leaflet/map_visu.java:519
src/main/java/kml/trackScore.java:238 src/main/java/kml/trackScore.java:294
src/main/java/kml/trackScore.java:352",
"Max GPS alt","Alt max GPS",,"src/main/java/controller/SummaryController.java:259
src/main/java/leaflet/map_visu.java:787",
"Min GPS alt","Alti Mini GPS",,"src/main/java/controller/SummaryController.java:260
src/main/java/leaflet/map_visu.java:789",
"Max climb","Vario max",,"src/main/java/controller/SummaryController.java:263
src/main/java/leaflet/map_visu.java:791
src/main/java/leaflet/map_pm.java:142 src/main/java/kml/headersKml.java:99",
"Max sink","Vario mini",,"src/main/java/controller/SummaryController.java:264
src/main/java/leaflet/map_visu.java:793
src/main/java/kml/headersKml.java:102",
"Max gain","Gain max",,"src/main/java/leaflet/map_visu.java:794
src/main/java/leaflet/map_pm.java:143 src/main/java/kml/headersKml.java:96",
"Max speed","Vitesse max",,"src/main/java/leaflet/map_visu.java:796
src/main/java/kml/headersKml.java:105",
"Best transition","Meilleure transition",,"src/main/java/leaflet/map_visu.java:797
src/main/java/kml/trackThermal.java:268",
Size,Longueur,,src/main/java/leaflet/map_visu.java:806,
Aberrants,Aberrants,,src/main/java/leaflet/map_visu.java:808,
Signature,Signature,,src/main/java/leaflet/map_visu.java:809,
"French contest",CFD,,"src/main/java/controller/SummaryController.java:205
src/main/java/leaflet/map_visu.java:826
src/main/java/kml/trackScore.java:112",
"Swiss contest","Challenge suisse",,"src/main/java/controller/SummaryController.java:208
src/main/java/leaflet/map_visu.java:829
src/main/java/kml/trackScore.java:115",
"World XContest","World XContest",,"src/main/java/controller/SummaryController.java:211
src/main/java/leaflet/map_visu.java:832
src/main/java/kml/trackScore.java:118",
"FAI triangle","Triangle FAI",,"src/main/java/controller/SummaryController.java:218
src/main/java/leaflet/map_visu.java:839",
"Flight 2 points","Distance 2 points",,"src/main/java/controller/SummaryController.java:221
src/main/java/leaflet/map_visu.java:842
src/main/java/kml/trackScore.java:138",
"Flat triangle","Triangle plat",,"src/main/java/controller/SummaryController.java:224
src/main/java/leaflet/map_visu.java:845
src/main/java/kml/trackScore.java:141",
"Flight 1 point","Distance 1 point",,"src/main/java/controller/SummaryController.java:227
src/main/java/leaflet/map_visu.java:848
src/main/java/kml/trackScore.java:144",
"Flight 3 points","Distance 3 points",,"src/main/java/controller/SummaryController.java:230
src/main/java/leaflet/map_visu.java:851
src/main/java/kml/trackScore.java:147",
Shadow,Ombrage,,src/main/java/leaflet/map_visu.java:915,
Transitions,Transitions,,"src/main/java/leaflet/map_visu.java:918
src/main/java/kml/trackThermal.java:202",
"Max GPS Alt","Alti Max GPS",,"src/main/java/leaflet/map_pm.java:140 src/main/java/kml/headersKml.java:86",
Analyze,Analyse,,src/main/java/kml/trackThermal.java:70,
"Best gain","Meilleur gain",,src/main/java/kml/trackThermal.java:141,
Score,Score,,src/main/java/kml/trackScore.java:72,
Average,Moyenne,,src/main/java/kml/trackScore.java:82,
"FAI Triangle","Triangle FAI",,src/main/java/kml/trackScore.java:135,
P,P,,"src/main/java/kml/trackScore.java:199 src/main/java/kml/trackScore.java:271
src/main/java/kml/trackScore.java:350 src/main/java/kml/trackScore.java:352
src/main/java/kml/trackScore.java:354",
"Right clic for profile","Clic droit pour profil",,src/main/java/kml/trackSimple.java:58,
Climb,Vario,,src/main/java/kml/trackSimple.java:97,
"Colored tracks","Traces colorées",,src/main/java/kml/trackColor.java:66,
"By climb","Selon le vario",,src/main/java/kml/trackColor.java:111,
"By altitude","Selon l'altitude",,src/main/java/kml/trackColor.java:189,
"By speed","Selon la vitesse",,src/main/java/kml/trackColor.java:265,
"Landing time","Heure Attero",,src/main/java/kml/headersKml.java:73,
"Take-off Baro Alt","Alt Deco Baro",,src/main/java/kml/headersKml.java:77,
"Max Baro Alt","Alti Max Baro",,src/main/java/kml/headersKml.java:79,
"Min baro alt","Alti Min baro",,src/main/java/kml/headersKml.java:81,
"Landing Baro Alt","Alt Attero Baro",,src/main/java/kml/headersKml.java:82,
"Take-off GPS Alt","Alti Déco GPS",,src/main/java/kml/headersKml.java:84,
"Min GPS Alt","Alt mini GPS",,src/main/java/kml/headersKml.java:88,
"Landing GPS Alt","Alt Attero GPS",,src/main/java/kml/headersKml.java:89,
"Help for exploitation of this kml file","Aide sur l'exploitation de ce fichier kml",,src/main/java/kml/headersKml.java:107,
"Replay the flight","Refaire le vol",,src/main/java/kml/trackReplay.java:92,
"GPS Choice","Choix GPS",,src/main/java/littlewins/winGPS.java:155,
Port,Port,,src/main/java/littlewins/winGPS.java:172,
"Test GPS connection","Teste la connexion GPS",,src/main/java/littlewins/winGPS.java:216,
"Refreshes the list of ports or disks","Actualise la liste des ports ou des disques",,src/main/java/littlewins/winGPS.java:189,
"GPS not detected","GPS non détecté",,src/main/java/littlewins/winGPS.java:516,
Area,Région,,src/main/java/littlewins/winSiteList.java:93,
Source,Origine,,src/main/java/littlewins/winSiteList.java:98,
"Enter key for confirmation of entries","Touche Enter pour valider une saisie",,src/main/java/littlewins/winAirDraw.java:72,
Class,Classe,,src/main/java/littlewins/winAirDraw.java:94,
Floor,Plancher,,"src/main/java/trackgps/checkAirspace.java:210
src/main/java/littlewins/winAirDraw.java:107",
Ceiling,Plafond,,"src/main/java/trackgps/checkAirspace.java:211
src/main/java/littlewins/winAirDraw.java:122",
"Ceiling must be above the floor","Le plafond doit être supérieur au plancher",,src/main/java/littlewins/winAirDraw.java:198,
"Name must not be null","Le nom ne doit pas être nul",,src/main/java/littlewins/winAirDraw.java:203,
"Class must not be null","La classe ne doit pas être nulle",,src/main/java/littlewins/winAirDraw.java:208,
"Select the folder of GPS tracks to import","Choisir le dossier des traces GPS à importer",,src/main/java/littlewins/winDirChoose.java:81,
"Select the default Logfly folder","Choisir le dossier de travail de Logfly",,src/main/java/littlewins/winDirChoose.java:88,
"Select the new logbook folder","Choisir le nouveau dossier pour le carnet",,"src/main/java/littlewins/winDirChoose.java:95
src/main/java/littlewins/winDirChoose.java:109",
"Select the folder for online contest","Choisir le dossier pour la compétition en ligne",,src/main/java/littlewins/winDirChoose.java:102,
"Select the folder where the logbook will be saved","Choisir le dossier où le carnet sera sauvegardé",,src/main/java/littlewins/winDirChoose.java:116,
"Save the current flights log file","Sauvegarde le carnet en cours d'utilisation",,src/main/java/littlewins/winBackup.java:59,
"Restore as the current flights log file","Restaure le fichier comme carnet en cours",,src/main/java/littlewins/winBackup.java:63,
"Replace current log file by ","Remplacer le carnet en cours par",,src/main/java/littlewins/winBackup.java:137,
Sender,Expéditeur,,"src/main/java/littlewins/winMail.java:165
src/main/java/littlewins/winSendDb.java:133",
Recipient,Destinataire,,src/main/java/littlewins/winMail.java:180,
Subject,Sujet,,src/main/java/littlewins/winMail.java:199,
Send,Envoyer,,"src/main/java/littlewins/winMail.java:216
src/main/java/littlewins/winLog.java:90
src/main/java/littlewins/winSendDb.java:150",
"Error sending mail","Erreur pendant l'envoi du mail",,src/main/java/littlewins/winMail.java:307,
"Click on timeline to place the photo marker","Cliquer sur la ligne de temps pour placer le marqueur",,src/main/java/littlewins/winMapPhotoPoint.java:75,
ZIP,CP,,"src/main/java/littlewins/winOsmCities.java:78
src/main/java/littlewins/winSearchCities.java:107
src/main/java/littlewins/winSiteChoice.java:119",
Search,Recherche,,"src/main/java/littlewins/winSearchCities.java:81
src/main/java/littlewins/winAirSearch.java:48",
"IGC Format","Format IGC",,src/main/java/littlewins/winFileSave.java:114,
"The track is saved in IGC format with the .igc extension","La trace est enregistrée au format IGC avec l'extension .igc",,src/main/java/littlewins/winFileSave.java:114,
"GPX Format","Format GPX",,"src/main/java/littlewins/winFileSave.java:115
src/main/java/littlewins/winFileSave.java:176
src/main/java/littlewins/winFileSave.java:216",
"The track is saved in GPX format with the .gpx extension","La trace est enregistrée au format GPX avec l'extension .gpx ",,src/main/java/littlewins/winFileSave.java:115,
"Exported file type","Type de fichier exporté",,src/main/java/littlewins/winFileSave.java:117,
"Supported file types","Types de fichiers supportés",,"src/main/java/littlewins/winFileSave.java:124
src/main/java/littlewins/winFileSave.java:130
src/main/java/littlewins/winFileSave.java:144
src/main/java/littlewins/winFileSave.java:151
src/main/java/littlewins/winFileSave.java:158
src/main/java/littlewins/winFileSave.java:165
src/main/java/littlewins/winFileChoose.java:99
src/main/java/littlewins/winFileChoose.java:107
src/main/java/littlewins/winFileChoose.java:115
src/main/java/littlewins/winFileChoose.java:123
src/main/java/littlewins/winFileChoose.java:131
src/main/java/littlewins/winFileChoose.java:139
src/main/java/littlewins/winFileChoose.java:145
src/main/java/littlewins/winFileChoose.java:157",
"Choose a destination and a filename","Choisir un dossier et un nom de fichier",,"src/main/java/littlewins/winFileSave.java:126
src/main/java/littlewins/winFileSave.java:132
src/main/java/littlewins/winFileSave.java:146
src/main/java/littlewins/winFileSave.java:153
src/main/java/littlewins/winFileSave.java:160
src/main/java/littlewins/winFileSave.java:167
src/main/java/littlewins/winFileSave.java:190
src/main/java/littlewins/winFileSave.java:197
src/main/java/littlewins/winFileSave.java:204
src/main/java/littlewins/winFileSave.java:211
src/main/java/littlewins/winFileSave.java:218
src/main/java/littlewins/winFileSave.java:225",
"OziExplorer Format","Format OZIExplorer",,"src/main/java/littlewins/winFileSave.java:172
src/main/java/littlewins/winFileSave.java:188",
"The file is saved in Oziexplorer format with the .wpt extension","Le fichier est enregistré au format Oziexplorer avec l'extension .wpt",,src/main/java/littlewins/winFileSave.java:172,
"CompeGPS Format","Format Compe GPS",,"src/main/java/littlewins/winFileSave.java:173
src/main/java/littlewins/winFileSave.java:195",
"The file is saved in CompeGPS format with the .wpt extension","Le fichier est enregistré au format CompeGPS avec l'extension .wpt",,src/main/java/littlewins/winFileSave.java:173,
"PCX5 Format","Format PCX5",,"src/main/java/littlewins/winFileSave.java:174
src/main/java/littlewins/winFileSave.java:202",
"The file is saved in PCX5 format with the .pcx extension","Le fichier est enregistré au format PCX5 avec l'extension .pcx",,src/main/java/littlewins/winFileSave.java:174,
"Kml Format","Format Kml",,"src/main/java/littlewins/winFileSave.java:175
src/main/java/littlewins/winFileSave.java:209",
"The file is saved in kml format with the .kml extension","Le fichier est enregistré au format kml avec l'extension .kml",,src/main/java/littlewins/winFileSave.java:175,
"The file is saved in GPX format with the .gpx extension","Le fichier est enregistré au format GPX avec l'extension .gpx",,src/main/java/littlewins/winFileSave.java:176,
"Cup Format","Format Cup",,"src/main/java/littlewins/winFileSave.java:177
src/main/java/littlewins/winFileSave.java:223",
"The file is saved in Cup format with the .cup extension","Le fichier est enregistré au format Cup avec l'extension .cup",,src/main/java/littlewins/winFileSave.java:177,
"Exported file format","Format du fichier exporté",,src/main/java/littlewins/winFileSave.java:179,
"Include tracks","Inclure les traces",,src/main/java/littlewins/winCsv.java:85,
"Error while exporting data","Erreur pendant l'exportation des données",,src/main/java/littlewins/winCsv.java:214,
"IGC File","Fichier IGC",,src/main/java/littlewins/winCsv.java:294,
"Old name","Ancien nom",,src/main/java/littlewins/winRename.java:56,
"New name","Nouveau nom",,src/main/java/littlewins/winRename.java:72,
"Turnpoints List","Liste balises",,src/main/java/littlewins/winSaveXcp.java:406,
"Turnpoint prefix","Prefixe balise",,src/main/java/littlewins/winSaveXcp.java:410,
Saving,Enregistrement,,"src/main/java/controller/WaypViewController.java:537
src/main/java/littlewins/winSaveXcp.java:437",
"Logfly Xcp format","Format Logfly Xcp",,src/main/java/littlewins/winSaveXcp.java:457,
"Ozi format","Format Ozi",,src/main/java/littlewins/winSaveXcp.java:460,
"CompeGPS format","Format CompeGPS",,src/main/java/littlewins/winSaveXcp.java:463,
"PCX5 format","Format PCX5",,src/main/java/littlewins/winSaveXcp.java:466,
"Kml format","Format Kml",,src/main/java/littlewins/winSaveXcp.java:469,
"Gpx format","Format Gpx",,src/main/java/littlewins/winSaveXcp.java:472,
"Cup format","Format Cup",,src/main/java/littlewins/winSaveXcp.java:475,
"Double click to select a site in the list","Double clic pour sélectionner un site",,src/main/java/littlewins/winSiteChoice.java:94,
"Send in Google format","Envoi format Google",,src/main/java/littlewins/winUsbWWayp.java:92,
"Send in wpt format","Envoi format wpt",,"src/main/java/littlewins/winUsbWWayp.java:93
src/main/java/littlewins/winUsbWWayp.java:99
src/main/java/littlewins/winUsbWWayp.java:105",
"Send in cup format","Envoi format cup",,src/main/java/littlewins/winUsbWWayp.java:111,
"Send in compeGPS format","Envoi format CompeGPS",,"src/main/java/littlewins/winUsbWWayp.java:120
src/main/java/littlewins/winUsbWWayp.java:132",
"Send in OZI format","Envoi format OZI",,src/main/java/littlewins/winUsbWWayp.java:126,
"Message could not be sent","Le message n'a pas pu être envoyé",,src/main/java/littlewins/winLog.java:122,
"Baro Alt","Alti Baro",,src/main/java/littlewins/winPoints.java:146,
"GPS Alt","Alti GPS",,src/main/java/littlewins/winPoints.java:148,
Lat,Lat,,src/main/java/littlewins/winPoints.java:150,
Long,Long,,src/main/java/littlewins/winPoints.java:152,
"Dist (m)","Dist (m)",,src/main/java/littlewins/winPoints.java:154,
"Gd Speed","Vit Sol",,src/main/java/littlewins/winPoints.java:156,
Summer,Eté,,src/main/java/littlewins/winPoints.java:183,
Winter,Hiver,,src/main/java/littlewins/winPoints.java:185,
or,ou,,"src/main/java/littlewins/winFileChoose.java:100
src/main/java/littlewins/winFileChoose.java:108",
"Select a file","Choisir un fichier",,"src/main/java/littlewins/winFileChoose.java:117
src/main/java/littlewins/winFileChoose.java:125
src/main/java/littlewins/winFileChoose.java:133
src/main/java/littlewins/winFileChoose.java:141
src/main/java/littlewins/winFileChoose.java:147
src/main/java/littlewins/winFileChoose.java:153
src/main/java/littlewins/winFileChoose.java:159
src/main/java/littlewins/winFileChoose.java:165",
"Airspace infringements check","Vérification d'infractions à l'espace aérien",,src/main/java/littlewins/winFileChoose.java:122,
"Select a logbook copy to restore","Choisir une copie du carnet à restaurer",,src/main/java/littlewins/winFileChoose.java:130,
"Choose the file to restore","Choisir le fichier à restaurer",,src/main/java/littlewins/winFileChoose.java:138,
"Supported formats","Formats supportés",,src/main/java/littlewins/winFileChoose.java:151,
"Error sending logbook","Erreur pendant l'envoi du carnet",,src/main/java/littlewins/winSendDb.java:239,
"Transfer completed","Transfert terminé",,src/main/java/systemio/filesmove.java:90,
"Problem during transfer","Problème pendant le transfert",,src/main/java/systemio/filesmove.java:100,
"The file has been downloaded","Le fichier a été téléchargé",,src/main/java/systemio/webdown.java:67,
"Download stop","Téléchargement interrompu",,src/main/java/systemio/webdown.java:125,
"Download failed","Le téléchargement a échoué",,src/main/java/systemio/webdown.java:135,
"Loading in progress","Téléchargement en cours",,"src/main/java/littlewins/winSendDb.java:262
src/main/java/systemio/webdown.java:185",
Path,Chemin,,src/main/java/photos/exifReader.java:95,
"Size file","Taille du fichier",,src/main/java/photos/exifReader.java:97,
"Camera make","Fabricant ",,src/main/java/photos/exifReader.java:101,
"Camera model",Modèle,,src/main/java/photos/exifReader.java:106,
"Date/Time Original","Date/heure Original",,src/main/java/photos/exifReader.java:112,
"Modify date","Date de modification",,src/main/java/photos/exifReader.java:116,
Aperture,Ouverture,,src/main/java/photos/exifReader.java:133,
"Exposure time","Temps d'exposition",,src/main/java/photos/exifReader.java:137,
"No GPS information","pas d'informations GPS",,src/main/java/photos/exifReader.java:146,
"A new version {0}. {1} is available","Une nouvelle version {0}.{1} est disponible",,src/main/java/liveUpdate/checkUpdate.java:78,
"Do you want to install it","Voulez vous l'installer",,"src/main/java/liveUpdate/checkUpdate.java:79
src/main/java/liveUpdate/checkUpdate.java:112",
"A major update is available [version {0}]","Une mise à jour majeure est disponible [version {0}]",,"src/main/java/liveUpdate/checkUpdate.java:96
src/main/java/liveUpdate/checkUpdate.java:111",
"You need to restart the program","Vous devez redémarrer le programme...",,src/main/java/liveUpdate/checkUpdate.java:175,
"Update info could not be loaded","Le bulletin de mise à jour n'a pas pu être chargé",,src/main/java/liveUpdate/checkUpdate.java:150,
"Logfly has been updated","Logfly a été mis à jour",,src/main/java/liveUpdate/checkUpdate.java:174,
"Year by year","Année par année",,src/main/java/settings/listTypeYear.java:34,
"All years","Toutes les années",,src/main/java/settings/listTypeYear.java:35,
"Calendar year","Année civile",,"src/main/java/settings/listSynthese.java:34
src/main/java/littlewins/winCsv.java:67",
"Last twelve months","Douze mois",,src/main/java/settings/listSynthese.java:35,
"Overwrite the existing file","Remplacer le fichier existant",,src/main/java/controller/WaypViewController.java:537,
"No tracks in the Syride folder","Pas de traces dans le dossier Syride",,src/main/java/controller/GPSViewController.java:863,
"Retrieving the list of flights in progress","Chargement de la liste des vols en cours",,src/main/java/controller/GPSViewController.java:886,
"flights inserted","vol(s) inséré(s)",,src/main/java/controller/GPSViewController.java:1162,
"Logbook presentation","Présentation du carnet",,src/main/java/controller/ConfigViewController.java:913,
"Repatriate a copy","Récupérer une copie",,src/main/java/controller/ConfigViewController.java:919,
"Default map location","Position de la carte par défaut",,src/main/java/controller/ConfigViewController.java:935,
"Start window","Fenêtre démarrage",,src/main/java/controller/ConfigViewController.java:944,
"Syride folder","Dossier Syride",,src/main/java/controller/ConfigViewController.java:946,
"Please note, only folders are displayed","ATTENTION, seuls les dossiers sont affichés",,"src/main/java/littlewins/winDirChoose.java:82
src/main/java/littlewins/winDirChoose.java:89
src/main/java/littlewins/winDirChoose.java:96
src/main/java/littlewins/winDirChoose.java:103
src/main/java/littlewins/winDirChoose.java:110
src/main/java/littlewins/winDirChoose.java:117
src/main/java/littlewins/winDirChoose.java:124
src/main/java/littlewins/winDirChoose.java:131",
"Select the import folder for GPS tracks","Choisir le dossier d'import des traces GPS",,src/main/java/littlewins/winDirChoose.java:123,
"Select the Syride folder for GPS tracks","Choisir le dossier Syride des traces GPS",,src/main/java/littlewins/winDirChoose.java:130,
"Where to place the map","Où placer la carte",,src/main/java/littlewins/winSearchCities.java:75,
"Double click to select a town","Double clic pour sélectionner une ville",,src/main/java/littlewins/winSearchCities.java:95,
"Run the installation of the new version","Lancer l'installation de la nouvelle version",,src/main/java/liveUpdate/checkUpdate.java:116,
Thermal,Thermique,,src/main/java/controller/SummaryController.java:147,
Glide,Transition,,src/main/java/controller/SummaryController.java:151,
Dive,Descente,,src/main/java/controller/SummaryController.java:155,
Various,Divers,,src/main/java/controller/SummaryController.java:158,
"Extraction time","Délai d'extraction",,src/main/java/controller/SummaryController.java:261,
"Avg transition speed","Vit moyenne transition",,src/main/java/controller/SummaryController.java:262,
"Avg thermal climb","Taux moyen montée",,src/main/java/controller/SummaryController.java:265,
"Avg th efficiency","Efficacité moyenne",,src/main/java/controller/SummaryController.java:266,
Summary,Synthèse,,"src/main/java/controller/FullMapController.java:731
src/main/java/controller/TraceViewController.java:541
src/main/java/controller/CarnetViewController.java:832
src/main/java/controller/CarnetViewController.java:964",
"Show a summary of the flight","Affiche une synthèse du vol",,src/main/java/controller/FullMapController.java:734,
Pathway,Chronologie,,src/main/java/controller/FullMapController.java:735,
"Show pathway","Affiche la chronologie",,src/main/java/controller/FullMapController.java:738,
"Use an external program to download waypoints","Utiliser un programme externe pour charger les waypoints",,src/main/java/controller/WaypViewController.java:1231,
"GPSDump report","Rapport GPSDump",,src/main/java/controller/WaypViewController.java:1281,
Réception,Réception,,"src/main/java/controller/WaypViewController.java:1322
src/main/java/controller/WaypViewController.java:1344
src/main/java/controller/WaypViewController.java:1368
src/main/java/controller/WaypViewController.java:1392",
"Not supported, use an external program","Non supporté, utiliser un programme externe",,src/main/java/controller/WaypViewController.java:1577,
"Click on a glider to display its total number of hours","Cliquer sur une voile pour afficher le nombre total d'heures",,src/main/java/controller/DashController.java:467,
"No flights counted for this glider","Pas de vols pour cette voile",,src/main/java/database/dbSearch.java:329,
Months,Mois,,src/main/java/controller/DashController.java:705,
"No pathway","Pas de chronologie",,src/main/java/leaflet/map_visu.java:448,
"Waypoint management is not supported","La gestion des waypoints n'est pas assurée",,src/main/java/littlewins/winGPS.java:522,
"on this operating system for GPS 6015","sur ce système pour le GPS 6015",,src/main/java/littlewins/winGPS.java:524,
"SELECT ANY FILE","CHOISISSEZ UN FICHIER",,src/main/java/littlewins/winFileChoose.java:163,
"The whole folder will be explored","Tout le dossier sera exploré",,src/main/java/littlewins/winFileChoose.java:164,
"Debug mode","Mode debug",,src/main/java/controller/ConfigViewController.java:949,
"Checked airspaces","Espaces vérifiés",,src/main/java/trackgps/checkAirspace.java:190,
"airspaces checked","espaces vérifiés",,src/main/java/trackgps/checkAirspace.java:218,
enter,entrer,,src/main/java/trackgps/checkAirspace.java:430,
exit,sortir,,src/main/java/trackgps/checkAirspace.java:436,
"if a point is in more than one airspace, the last tested is displayed","si un point est dans plus d'un espace, c'est le dernier espace testé qui est affiché",,src/main/java/trackgps/checkAirspace.java:454,
"Open OpenAir files","Ouvrir des fichiers Open Air",,src/main/java/controller/AirspaceController.java:1314,
"Download french OpenAir files from http://pascal.bazile.free.fr","Télécharger des fichiers OpenAir français depuis http://pascal.bazile.free.fr",,src/main/java/controller/AirspaceController.java:1318,
"Draw free airspaces on map","Dessiner des espaces aériens sur la carte",,src/main/java/controller/AirspaceController.java:1323,
"The track will start at","La trace démarrera à",,src/main/java/controller/FullMapController.java:253,
"and will end at","et se terminera à",,src/main/java/controller/FullMapController.java:256,
"the starting point and the end point of the zone to be kept","le point de départ et le point de fin de la portion à conserver",,src/main/java/controller/FullMapController.java:314,
"A copy of the original track will be generated in the working folder","Une copie de la trace originale sera générée dans le dossier de travail",,src/main/java/controller/FullMapController.java:315,
"Local file","Fichier local",,src/main/java/controller/FullMapController.java:482,
"Using an OpenAir file on the computer","Utiliser un fichier OpenAir de l'ordinateur",,src/main/java/controller/FullMapController.java:482,
pascal.bazile.free.fr,pascal.bazile.free.fr,,src/main/java/controller/FullMapController.java:483,
"Download the latest update on website","Télécharger la dernière mise à jour sur le site",,src/main/java/controller/FullMapController.java:483,
"OpenAir files","fichiers OpenAir",,src/main/java/controller/FullMapController.java:485,
"Do you want to exclude airspaces of type E","Voulez vous exclure les espaces de type E",,src/main/java/controller/FullMapController.java:511,
"No airspaces to check","Pas d'espaces aériens à vérifier",,src/main/java/controller/FullMapController.java:545,
"Adjust track structure","Modifier la trace",,src/main/java/controller/FullMapController.java:748,
"Glider flight time","Total horaire de la voile",,"src/main/java/controller/CarnetViewController.java:848
src/main/java/controller/CarnetViewController.java:1021",
"Input allowed: letters, numbers, underscore","Saisie autorisée : lettres, nombre, underscore",,src/main/java/controller/CoordController.java:463,
"Downloading digital elevation data","Téléchargement des fichiers élévation",,src/main/java/systemio/webdown.java:73,
"Downloading OpenAir file from pascal.bazile.free.fr","Téléchargement des fichiers OpenAir de pascal.bazile.free.fr",,src/main/java/systemio/webdown.java:77,
"Srtm file import completed","Import des fichiers SRTM terminé",,src/main/java/srtm/hgtDownload.java:52,
Point,Point,,"src/main/java/controller/FullMapController.java:254
src/main/java/controller/FullMapController.java:257",
"To remove the useless points, select by a click on the altitude line","Pour supprimer les points inutiles, sélectionner par un clic sur la courbe d'altitude",,src/main/java/controller/FullMapController.java:313,"Expression à vérifier pour l'allemand"
